lemma	lemmaLabel	variant	variantLabel
lemma/107358	indignor	lemma/107359	indigno
lemma/107359	indigno	lemma/107358	indignor
lemma/111285	magistro	lemma/63151	magistror
lemma/125123	somnior	lemma/125124	somnio
lemma/125124	somnio	lemma/125123	somnior
lemma/63151	magistror	lemma/111285	magistro
lemma/87754	aedituor	lemma/87755	aedituo
lemma/87755	aedituo	lemma/87754	aedituor
lemma/89811	arcesso	lemma/89812	accersio
lemma/89812	accersio	lemma/89811	arcesso
lemma/95197	commoror	lemma/95198	commoro
lemma/95198	commoro	lemma/95197	commoror
lemma/99404	dignor	lemma/99405	digno
lemma/99405	digno	lemma/99404	dignor
lemma/106592	impinguo	lemma/58625	impinguor
lemma/108063	insanio	lemma/59733	insanior
lemma/109784	lamentor	lemma/109785	lamento
lemma/109785	lamento	lemma/109784	lamentor
lemma/110011	latibulor	lemma/110012	latibulo
lemma/110012	latibulo	lemma/110011	latibulor
lemma/115736	palor	lemma/115737	palo
lemma/115737	palo	lemma/115736	palor
lemma/122358	ratiocinor	lemma/75236	ratiocino
lemma/126367	subsidior	lemma/83006	subsidio
lemma/130183	uigilo	lemma/85087	uigilor
lemma/43991	contuto	lemma/96404	contutor
lemma/58625	impinguor	lemma/106592	impinguo
lemma/75236	ratiocino	lemma/122358	ratiocinor
lemma/83006	subsidio	lemma/126367	subsidior
lemma/85087	uigilor	lemma/130183	uigilo
lemma/87651	adueneror	lemma/87652	aduenero
lemma/87652	aduenero	lemma/87651	adueneror
lemma/88677	amicor	lemma/88678	amico
lemma/88678	amico	lemma/88677	amicor
lemma/93957	cieo	lemma/93958	cio
lemma/93958	cio	lemma/93957	cieo
lemma/96404	contutor	lemma/43991	contuto
lemma/103921	fugo	lemma/103922	fugio
lemma/110995	lurcor	lemma/110996	lurco
lemma/110996	lurco	lemma/110995	lurcor
lemma/114003	nundinor	lemma/114004	nundino
lemma/114004	nundino	lemma/114003	nundinor
lemma/122571	reliquor	lemma/122572	reliquo
lemma/122572	reliquo	lemma/122571	reliquor
lemma/122678	repraesento	lemma/76316	repraesentor
lemma/122729	resono	lemma/122730	resono
lemma/122730	resono	lemma/122729	resono
lemma/123647	scateo	lemma/123648	scato
lemma/123648	scato	lemma/123647	scateo
lemma/131071	uetustor	lemma/131072	uetusto
lemma/131072	uetusto	lemma/131071	uetustor
lemma/76316	repraesentor	lemma/122678	repraesento
lemma/95155	commiseror	lemma/95156	commisero
lemma/95156	commisero	lemma/95155	commiseror
lemma/102015	exheredo	lemma/50679	exheredor
lemma/104474	geniculo	lemma/104473	geniculor
lemma/107792	ingeniculo	lemma/59460	ingeniculor
lemma/118311	polluor	lemma/118312	polluo
lemma/118312	polluo	lemma/118311	polluor
lemma/50679	exheredor	lemma/102015	exheredo
lemma/59460	ingeniculor	lemma/107792	ingeniculo
lemma/59733	insanior	lemma/108063	insanio
lemma/105057	habituor	lemma/56736	habituo
lemma/115574	pabulor	lemma/68739	pabulo
lemma/122593	rememoror	lemma/76088	rememoro
lemma/43850	contesto	lemma/96276	contestor
lemma/56736	habituo	lemma/105057	habituor
lemma/68739	pabulo	lemma/115574	pabulor
lemma/76088	rememoro	lemma/122593	rememoror
lemma/96276	contestor	lemma/43850	contesto
lemma/104473	geniculor	lemma/104474	geniculo
lemma/118777	praeconor	lemma/118778	praecono
lemma/118778	praecono	lemma/118777	praeconor
lemma/119695	proelior	lemma/119696	proelio
lemma/119696	proelio	lemma/119695	proelior
lemma/103922	fugio	lemma/103921	fugo
lemma/118670	poto	lemma/135859	potor
lemma/135859	potor	lemma/118670	poto
lemma/91449	belligeror	lemma/91450	belligero
lemma/91450	belligero	lemma/91449	belligeror
lemma/112072	mentior	lemma/112073	mentio
lemma/112073	mentio	lemma/112072	mentior
lemma/122864	ructor	lemma/122865	ructo
lemma/122865	ructo	lemma/122864	ructor
lemma/101569	euagor	lemma/101570	euago
lemma/101570	euago	lemma/101569	euagor
lemma/110805	loquor	lemma/110806	loquo
lemma/110806	loquo	lemma/110805	loquor
lemma/113440	naufragor	lemma/113441	naufrago
lemma/113441	naufrago	lemma/113440	naufragor
lemma/119313	praeteruehor	lemma/119314	praeterueho
lemma/119314	praeterueho	lemma/119313	praeteruehor
lemma/42905	commercio	lemma/95124	commercior
lemma/46607	dementor	lemma/98532	demento
lemma/91700	blandior	lemma/91701	blandio
lemma/91701	blandio	lemma/91700	blandior
lemma/95124	commercior	lemma/42905	commercio
lemma/98199	dedignor	lemma/98200	dedigno
lemma/98200	dedigno	lemma/98199	dedignor
lemma/98532	demento	lemma/46607	dementor
lemma/112550	modulor	lemma/112551	modulo
lemma/112551	modulo	lemma/112550	modulor
lemma/124461	sequor	lemma/124462	sequo
lemma/124462	sequo	lemma/124461	sequor
lemma/125201	sororio	lemma/125200	sororio
lemma/125267	spatior	lemma/125268	spatio
lemma/125268	spatio	lemma/125267	spatior
lemma/90703	auideo	lemma/90704	auido
lemma/90704	auido	lemma/90703	auideo
lemma/112560	moechor	lemma/65994	moecho
lemma/65994	moecho	lemma/112560	moechor
lemma/108887	inundor	lemma/108888	inundo
lemma/108888	inundo	lemma/108887	inundor
lemma/111699	materior	lemma/111700	materio
lemma/111700	materio	lemma/111699	materior
lemma/112023	mendicor	lemma/112024	mendico
lemma/112024	mendico	lemma/112023	mendicor
lemma/117806	pignero	lemma/142031	pigneror
lemma/121270	quiritor	lemma/121271	quirito
lemma/121271	quirito	lemma/121270	quiritor
lemma/124012	seditionor	lemma/79725	seditiono
lemma/125200	sororio	lemma/125201	sororio
lemma/142031	pigneror	lemma/117806	pignero
lemma/79725	seditiono	lemma/124012	seditionor
lemma/109921	lapsor	lemma/109922	lapso
lemma/109922	lapso	lemma/109921	lapsor
lemma/110933	ludificor	lemma/110934	ludifico
lemma/110934	ludifico	lemma/110933	ludificor
lemma/115623	paeniteor	lemma/115624	paeniteo
lemma/115624	paeniteo	lemma/115623	paeniteor
lemma/122576	reluctor	lemma/122577	relucto
lemma/122577	relucto	lemma/122576	reluctor
lemma/98534	demereor	lemma/98535	demereo
lemma/98535	demereo	lemma/98534	demereor
lemma/101974	exemplo	lemma/50610	exemplor
lemma/103503	fluctuor	lemma/103504	fluctuo
lemma/103504	fluctuo	lemma/103503	fluctuor
lemma/107689	infirmor	lemma/107690	infirmo
lemma/107690	infirmo	lemma/107689	infirmor
lemma/107880	inimico	lemma/59544	inimicor
lemma/121147	querelor	lemma/121148	querelo
lemma/121148	querelo	lemma/121147	querelor
lemma/122519	refragor	lemma/122520	refrago
lemma/122520	refrago	lemma/122519	refragor
lemma/28346	agricolo	lemma/88177	agricolor
lemma/50610	exemplor	lemma/101974	exemplo
lemma/59544	inimicor	lemma/107880	inimico
lemma/87709	adulteror	lemma/87710	adultero
lemma/87710	adultero	lemma/87709	adulteror
lemma/88177	agricolor	lemma/28346	agricolo
lemma/101981	exerceo	lemma/101982	exerco
lemma/101982	exerco	lemma/101981	exerceo
lemma/106364	imitor	lemma/106365	imito
lemma/106364	imitor	lemma/106366	emitor
lemma/106365	imito	lemma/106364	imitor
lemma/106365	imito	lemma/106366	emitor
lemma/106366	emitor	lemma/106364	imitor
lemma/106366	emitor	lemma/106365	imito
lemma/102127	expalpor	lemma/102128	expalpo
lemma/102128	expalpo	lemma/102127	expalpor
lemma/107255	indagor	lemma/107256	indago
lemma/107256	indago	lemma/107255	indagor
lemma/116681	percontor	lemma/116682	perconto
lemma/116682	perconto	lemma/116681	percontor
lemma/117944	piscor	lemma/71612	pisco
lemma/127134	suspicor	lemma/127135	suspico
lemma/127135	suspico	lemma/127134	suspicor
lemma/128353	toleror	lemma/128354	tolero
lemma/128354	tolero	lemma/128353	toleror
lemma/28167	aggeniculo	lemma/88068	aggeniculor
lemma/71612	pisco	lemma/117944	piscor
lemma/88068	aggeniculor	lemma/28167	aggeniculo
lemma/89954	argutor	lemma/89955	arguto
lemma/89955	arguto	lemma/89954	argutor
lemma/94165	circumlauo	lemma/94166	circumlauo
lemma/102309	exsequior	lemma/50629	exequio
lemma/109736	laetor	lemma/109737	laeto
lemma/109737	laeto	lemma/109736	laetor
lemma/130923	utor	lemma/130924	uto
lemma/130924	uto	lemma/130923	utor
lemma/50629	exequio	lemma/102309	exsequior
lemma/93579	certor	lemma/93580	certo
lemma/93580	certo	lemma/93579	certor
lemma/95127	commereor	lemma/95128	commereo
lemma/95128	commereo	lemma/95127	commereor
lemma/110391	liberor	lemma/110392	libero
lemma/110392	libero	lemma/110391	liberor
lemma/40444	celor	lemma/93353	celo
lemma/93353	celo	lemma/40444	celor
lemma/94166	circumlauo	lemma/94165	circumlauo
lemma/102486	exulor	lemma/102487	exulo
lemma/102487	exulo	lemma/102486	exulor
lemma/102737	fabulor	lemma/102738	fabulo
lemma/102738	fabulo	lemma/102737	fabulor
lemma/108773	intueor	lemma/108774	intuor
lemma/108773	intueor	lemma/108775	intuo
lemma/108773	intueor	lemma/60129	intueo
lemma/108774	intuor	lemma/108773	intueor
lemma/108774	intuor	lemma/108775	intuo
lemma/108774	intuor	lemma/60129	intueo
lemma/108775	intuo	lemma/108773	intueor
lemma/108775	intuo	lemma/108774	intuor
lemma/108775	intuo	lemma/60129	intueo
lemma/60129	intueo	lemma/108773	intueor
lemma/60129	intueo	lemma/108774	intuor
lemma/60129	intueo	lemma/108775	intuo
lemma/86993	abscondor	lemma/86994	abscondo
lemma/86994	abscondo	lemma/86993	abscondor
lemma/95504	concieo	lemma/95505	concio
lemma/95505	concio	lemma/95504	concieo
lemma/96965	criso	lemma/45110	crissor
lemma/105449	hibernor	lemma/105450	hiberno
lemma/105450	hiberno	lemma/105449	hibernor
lemma/107693	infio	lemma/138705	infit
lemma/114290	obliuiscor	lemma/67891	obliuisco
lemma/120097	prospero	lemma/73817	prosperor
lemma/138705	infit	lemma/107693	infio
lemma/73817	prosperor	lemma/120097	prospero
lemma/105764	humano	lemma/57962	humanor
lemma/112616	molo	lemma/112617	molo
lemma/112617	molo	lemma/112616	molo
lemma/130136	uicinor	lemma/85008	uicino
lemma/45110	crissor	lemma/96965	criso
lemma/57962	humanor	lemma/105764	humano
lemma/85008	uicino	lemma/130136	uicinor
lemma/91457	bellor	lemma/91458	bello
lemma/91458	bello	lemma/91457	bellor
lemma/92783	captor	lemma/92784	capto
lemma/92784	capto	lemma/92783	captor
lemma/102379	exsultor	lemma/102380	exsulto
lemma/102380	exsulto	lemma/102379	exsultor
lemma/104871	gratificor	lemma/104872	gratifico
lemma/104872	gratifico	lemma/104871	gratificor
lemma/119238	praestigior	lemma/119239	praestigio
lemma/119239	praestigio	lemma/119238	praestigior
lemma/142050	progeniculo	lemma/73639	progeniculor
lemma/67891	obliuisco	lemma/114290	obliuiscor
lemma/73639	progeniculor	lemma/142050	progeniculo
lemma/87555	admodulor	lemma/87556	admodulo
lemma/87556	admodulo	lemma/87555	admodulor
lemma/75897	regnor	lemma/122541	regno
lemma/112498	mito	lemma/112499	mitto
lemma/91495	benignor	lemma/35084	benigno
lemma/113647	nexo	lemma/113646	nexo
lemma/103923	fugio	lemma/103921	fugo
lemma/103923	fugio	lemma/103922	fugio
lemma/115825	pango	lemma/68850	pagit
lemma/105459	hiemo	lemma/156182	hyemat
lemma/141725	confacio	lemma/95743	confio
lemma/98196	d	lemma/98197	dedico
lemma/141716	commiseretur	lemma/95155	commiseror
lemma/141716	commiseretur	lemma/95156	commisero
lemma/27214	addecimor	lemma/87388	addecimo
lemma/88950	anclor	lemma/88951	anclo
lemma/108171	insipio	lemma/108170	insipo
lemma/104154	fabellor	lemma/51057	fabello
lemma/94858	collimitor	lemma/94859	collimito
lemma/141879	interest	lemma/108661	intersum
lemma/79710	sedet	lemma/124004	sedeo
lemma/136089	paenitet	lemma/115623	paeniteor
lemma/136089	paenitet	lemma/115624	paeniteo
lemma/141691	carbunculor	lemma/92813	carbunculo
lemma/158419	madifico	lemma/111230	madefacio
lemma/158339	confluctuor	lemma/95794	confluctuo
lemma/158480	subperturbo	lemma/127014	supperturbor
lemma/158449	placet	lemma/118010	placeo
lemma/158318	censeor	lemma/93395	censeo
lemma/158368	dispolior	lemma/98944	despolio
lemma/158459	profore	lemma/120122	prosum
lemma/158474	rigidor	lemma/122837	rigido
lemma/158457	profaris	lemma/119727	profor
lemma/158377	elucto	lemma/100875	eluctor
lemma/158479	stat	lemma/124554	sto
lemma/158434	patet	lemma/116202	pateo
lemma/158389	faris	lemma/103600	for
lemma/156216	suppeditat	lemma/127011	suppedito
lemma/156217	suppeditor	lemma/127011	suppedito
lemma/156164	conducit	lemma/95691	conduco
lemma/156204	poenitet	lemma/115623	paeniteor
lemma/156204	poenitet	lemma/115624	paeniteo
lemma/156147	accidit	lemma/87112	accido
lemma/156557	intrudo	lemma/60124	intrudo
lemma/156789	imbrumo	lemma/58472	imbrumor
lemma/156795	imbrumo	lemma/58472	imbrumor
lemma/156575	insanio	lemma/108063	insanio
lemma/156575	insanio	lemma/59733	insanior
lemma/156782	gramino	lemma/55864	graminor
lemma/156784	circumueho	lemma/94297	circumuehor
lemma/156791	complexionor	lemma/131287	complexiono
lemma/169117	febricitor	lemma/103045	febricito
lemma/169624	rumpor	lemma/122881	rumpo
lemma/169726	sororior	lemma/125201	sororio
lemma/169726	sororior	lemma/125200	sororio
lemma/169767	subcenturior	lemma/126513	succenturio
lemma/112499	mitto	lemma/112498	mito
lemma/122541	regno	lemma/75897	regnor
lemma/95338	complector	lemma/95339	complecto
lemma/95339	complecto	lemma/95338	complector
lemma/98379	deieror	lemma/98380	deiero
lemma/98380	deiero	lemma/98379	deieror
lemma/108284	instruo	lemma/59859	instruor
lemma/110623	liqueo	lemma/141913	liquet
lemma/112465	miseror	lemma/112466	misero
lemma/112466	misero	lemma/112465	miseror
lemma/121040	quadruplor	lemma/121041	quadruplo
lemma/121041	quadruplo	lemma/121040	quadruplor
lemma/141913	liquet	lemma/110623	liqueo
lemma/95180	commolior	lemma/95181	commolio
lemma/95181	commolio	lemma/95180	commolior
lemma/100876	elucubror	lemma/100877	elucubro
lemma/100877	elucubro	lemma/100876	elucubror
lemma/107229	incursor	lemma/107230	incurso
lemma/107230	incurso	lemma/107229	incursor
lemma/111082	lumphor	lemma/111083	lympho
lemma/111083	lympho	lemma/111082	lumphor
lemma/119759	progredior	lemma/142051	progredio
lemma/128241	tibizinor	lemma/128242	tibicino
lemma/128242	tibicino	lemma/128241	tibizinor
lemma/136262	benemereor	lemma/136263	benemereo
lemma/136263	benemereo	lemma/136262	benemereor
lemma/142051	progredio	lemma/119759	progredior
lemma/98409	delapidor	lemma/98410	delapido
lemma/98410	delapido	lemma/98409	delapidor
lemma/106262	illino	lemma/106263	illinio
lemma/106263	illinio	lemma/106262	illino
lemma/112102	mercor	lemma/112103	merco
lemma/112103	merco	lemma/112102	mercor
lemma/116143	pascor	lemma/116144	pasco
lemma/46623	demoro	lemma/98572	demoror
lemma/46762	depossido	lemma/46761	depossideo
lemma/59859	instruor	lemma/108284	instruo
lemma/87500	adiutor	lemma/87501	adiuto
lemma/87501	adiuto	lemma/87500	adiutor
lemma/98572	demoror	lemma/46623	demoro
lemma/101473	eructor	lemma/101474	eructo
lemma/101474	eructo	lemma/101473	eructor
lemma/120445	pullo	lemma/74171	pullor
lemma/74171	pullor	lemma/120445	pullo
lemma/89852	architector	lemma/89853	architecto
lemma/89853	architecto	lemma/89852	architector
lemma/98779	deprecor	lemma/98780	depreco
lemma/98780	depreco	lemma/98779	deprecor
lemma/105776	humo	lemma/57965	humor
lemma/107183	increpor	lemma/107184	increpo
lemma/107184	increpo	lemma/107183	increpor
lemma/46761	depossideo	lemma/46762	depossido
lemma/57965	humor	lemma/105776	humo
lemma/92837	carinor	lemma/92838	carino
lemma/92838	carino	lemma/92837	carinor
lemma/94170	circumlino	lemma/94171	circumlinio
lemma/98707	depilor	lemma/98708	depilo
lemma/98708	depilo	lemma/98707	depilor
lemma/103165	ferueo	lemma/103166	feruo
lemma/103166	feruo	lemma/103165	ferueo
lemma/114455	obstetricor	lemma/114456	obstetrico
lemma/114456	obstetrico	lemma/114455	obstetricor
lemma/116222	patior	lemma/116223	patio
lemma/116223	patio	lemma/116222	patior
lemma/125331	spernor	lemma/125332	sperno
lemma/125331	spernor	lemma/125333	sperno
lemma/125332	sperno	lemma/125331	spernor
lemma/125332	sperno	lemma/125333	sperno
lemma/125333	sperno	lemma/125331	spernor
lemma/125333	sperno	lemma/125332	sperno
lemma/141733	constat	lemma/96151	consto
lemma/95045	comitior	lemma/95046	comitio
lemma/95046	comitio	lemma/95045	comitior
lemma/96151	consto	lemma/141733	constat
lemma/109584	intromito	lemma/109585	intromitto
lemma/109585	intromitto	lemma/109584	intromito
lemma/112456	misereor	lemma/112457	misereo
lemma/112456	misereor	lemma/141953	miseret
lemma/112457	misereo	lemma/112456	misereor
lemma/112457	misereo	lemma/141953	miseret
lemma/117814	pigritor	lemma/71372	pigrito
lemma/118857	praedor	lemma/118858	praedo
lemma/118858	praedo	lemma/118857	praedor
lemma/119506	principo	lemma/73421	principor
lemma/122885	ruror	lemma/122886	ruro
lemma/122886	ruro	lemma/122885	ruror
lemma/141953	miseret	lemma/112456	misereor
lemma/141953	miseret	lemma/112457	misereo
lemma/71372	pigrito	lemma/117814	pigritor
lemma/73421	principor	lemma/119506	principo
lemma/93383	cenor	lemma/93384	ceno
lemma/93384	ceno	lemma/93383	cenor
lemma/118923	praefulgeo	lemma/118924	praefulgo
lemma/118924	praefulgo	lemma/118923	praefulgeo
lemma/106316	imaginor	lemma/106317	imagino
lemma/106317	imagino	lemma/106316	imaginor
lemma/116144	pasco	lemma/116143	pascor
lemma/117815	pigror	lemma/117816	pigro
lemma/117816	pigro	lemma/117815	pigror
lemma/118109	plaudeo	lemma/118110	plaudo
lemma/118110	plaudo	lemma/118109	plaudeo
lemma/127684	taurobolior	lemma/132156	taurobolio
lemma/132156	taurobolio	lemma/127684	taurobolior
lemma/116103	participor	lemma/116104	participo
lemma/116104	participo	lemma/116103	participor
lemma/91406	baubor	lemma/91407	baubo
lemma/91407	baubo	lemma/91406	baubor
lemma/97248	cunctor	lemma/97249	cuncto
lemma/97249	cuncto	lemma/97248	cunctor
lemma/101820	excalceor	lemma/101821	excalceo
lemma/101821	excalceo	lemma/101820	excalceor
lemma/122887	ruspor	lemma/122888	ruspo
lemma/122888	ruspo	lemma/122887	ruspor
lemma/130326	uirginor	lemma/85310	uirgino
lemma/29171	allugeo	lemma/29172	allugo
lemma/43256	concomito	lemma/95553	concomitor
lemma/85310	uirgino	lemma/130326	uirginor
lemma/90438	astrideo	lemma/90439	astrido
lemma/90439	astrido	lemma/90438	astrideo
lemma/94171	circumlinio	lemma/94170	circumlino
lemma/95553	concomitor	lemma/43256	concomito
lemma/110521	limo	lemma/110522	limio
lemma/110522	limio	lemma/110521	limo
lemma/111199	machinor	lemma/63026	machino
lemma/116769	peregrinor	lemma/136267	peregrino
lemma/119248	praestolor	lemma/119249	praestolo
lemma/119249	praestolo	lemma/119248	praestolor
lemma/122413	reconcilio	lemma/75552	reconcilior
lemma/125182	sordido	lemma/81341	sordidor
lemma/129935	uersificor	lemma/129936	uersifico
lemma/129936	uersifico	lemma/129935	uersificor
lemma/130868	usitor	lemma/85880	usito
lemma/136267	peregrino	lemma/116769	peregrinor
lemma/63026	machino	lemma/111199	machinor
lemma/75552	reconcilior	lemma/122413	reconcilio
lemma/81341	sordidor	lemma/125182	sordido
lemma/85880	usito	lemma/130868	usitor
lemma/86957	abominor	lemma/86958	abomino
lemma/86958	abomino	lemma/86957	abominor
lemma/93299	cette	lemma/93300	cedo
lemma/93300	cedo	lemma/93299	cette
lemma/102329	exspatior	lemma/102330	exspatio
lemma/102330	exspatio	lemma/102329	exspatior
lemma/111547	manticulor	lemma/63866	manticulo
lemma/114867	oleo	lemma/114868	olo
lemma/114868	olo	lemma/114867	oleo
lemma/119029	praemior	lemma/119030	praemio
lemma/119030	praemio	lemma/119029	praemior
lemma/29172	allugo	lemma/29171	allugeo
lemma/63866	manticulo	lemma/111547	manticulor
lemma/86945	abnueo	lemma/86946	abnuo
lemma/86946	abnuo	lemma/86945	abnueo
lemma/105375	heredito	lemma/136252	haereditor
lemma/118116	pudesco	lemma/142057	pudescit
lemma/120401	pugillor	lemma/120402	pugillo
lemma/120402	pugillo	lemma/120401	pugillor
lemma/122543	regrador	lemma/122544	regrado
lemma/122544	regrado	lemma/122543	regrador
lemma/122832	rideor	lemma/122833	rideo
lemma/122833	rideo	lemma/122832	rideor
lemma/123750	sciscitor	lemma/123751	sciscito
lemma/123751	sciscito	lemma/123750	sciscitor
lemma/136252	haereditor	lemma/105375	heredito
lemma/142057	pudescit	lemma/118116	pudesco
lemma/30387	angustior	lemma/90975	angustio
lemma/43717	consilio	lemma/96058	consilior
lemma/90975	angustio	lemma/30387	angustior
lemma/96058	consilior	lemma/43717	consilio
lemma/98280	defloreo	lemma/98281	deflorio
lemma/98281	deflorio	lemma/98280	defloreo
lemma/101349	epulor	lemma/101350	epulo
lemma/101350	epulo	lemma/101349	epulor
lemma/106620	implumbo	lemma/58647	implumbor
lemma/109940	largior	lemma/109941	largio
lemma/109941	largio	lemma/109940	largior
lemma/112108	mereor	lemma/112109	mereo
lemma/112109	mereo	lemma/112108	mereor
lemma/112396	minitor	lemma/112397	minito
lemma/112397	minito	lemma/112396	minitor
lemma/122424	raucor	lemma/122425	rauco
lemma/122425	rauco	lemma/122424	raucor
lemma/129216	tumultuor	lemma/129217	tumultuo
lemma/129217	tumultuo	lemma/129216	tumultuor
lemma/58647	implumbor	lemma/106620	implumbo
lemma/104683	gliscor	lemma/104684	glisco
lemma/111102	lateo	lemma/141901	latet
lemma/120361	pudeo	lemma/142058	pudet
lemma/126369	subsido	lemma/142109	subsideo
lemma/130168	uiduo	lemma/85053	uiduor
lemma/141901	latet	lemma/111102	lateo
lemma/142058	pudet	lemma/120361	pudeo
lemma/142109	subsideo	lemma/126369	subsido
lemma/85053	uiduor	lemma/130168	uiduo
lemma/100982	eminor	lemma/49026	emino
lemma/102797	faeneror	lemma/102798	faenero
lemma/102798	faenero	lemma/102797	faeneror
lemma/136275	caupono	lemma/93245	cauponor
lemma/49026	emino	lemma/100982	eminor
lemma/93245	cauponor	lemma/136275	caupono
lemma/103358	fistulor	lemma/103359	fistulo
lemma/103359	fistulo	lemma/103358	fistulor
lemma/104684	glisco	lemma/104683	gliscor
lemma/125481	sportulor	lemma/81828	sportulo
lemma/127990	testificor	lemma/127991	testifico
lemma/127991	testifico	lemma/127990	testificor
lemma/43032	compartio	lemma/95266	compartior
lemma/81828	sportulo	lemma/125481	sportulor
lemma/95266	compartior	lemma/43032	compartio
lemma/102491	exunguor	lemma/102492	exunguo
lemma/102492	exunguo	lemma/102491	exunguor
lemma/108099	insector	lemma/108100	insecto
lemma/108100	insecto	lemma/108099	insector
lemma/108923	iocor	lemma/108924	ioco
lemma/108924	ioco	lemma/108923	iocor
lemma/110474	lignor	lemma/62229	ligno
lemma/122426	rauio	lemma/122427	rauio
lemma/122427	rauio	lemma/122426	rauio
lemma/124369	separo	lemma/124370	separo
lemma/124370	separo	lemma/124369	separo
lemma/46492	dehospito	lemma/98371	dehospitor
lemma/62229	ligno	lemma/110474	lignor
lemma/87997	affector	lemma/87998	affecto
lemma/87998	affecto	lemma/87997	affector
lemma/98371	dehospitor	lemma/46492	dehospito
lemma/111985	membror	lemma/64981	membro
lemma/122376	recapitulor	lemma/122377	recapitulo
lemma/122377	recapitulo	lemma/122376	recapitulor
lemma/64981	membro	lemma/111985	membror
lemma/129985	uescor	lemma/129986	uesco
lemma/141741	conuitio	lemma/96460	conuicior
lemma/90693	auguror	lemma/90694	auguro
lemma/90694	auguro	lemma/90693	auguror
lemma/96460	conuicior	lemma/141741	conuitio
lemma/98743	depopulor	lemma/98744	depopulo
lemma/98744	depopulo	lemma/98743	depopulor
lemma/106061	ico	lemma/106062	icio
lemma/106062	icio	lemma/106061	ico
lemma/113387	nascor	lemma/113388	nasco
lemma/113563	negotior	lemma/67313	negotio
lemma/124497	sermocinor	lemma/124498	sermocino
lemma/124498	sermocino	lemma/124497	sermocinor
lemma/67313	negotio	lemma/113563	negotior
lemma/98335	deglubo	lemma/98336	deglubo
lemma/98336	deglubo	lemma/98335	deglubo
lemma/129986	uesco	lemma/129985	uescor
lemma/113031	muneror	lemma/113032	munero
lemma/113032	munero	lemma/113031	muneror
lemma/113388	nasco	lemma/113387	nascor
lemma/88942	ancillor	lemma/88943	ancillo
lemma/88943	ancillo	lemma/88942	ancillor
lemma/93550	cernuor	lemma/93551	cernuo
lemma/93551	cernuo	lemma/93550	cernuor
lemma/122429	recordor	lemma/122430	recordo
lemma/122430	recordo	lemma/122429	recordor
lemma/142017	peragror	lemma/116589	peragro
lemma/43986	conturbor	lemma/96398	conturbo
lemma/93265	causidicor	lemma/40328	causidico
lemma/141803	extricor	lemma/102460	extrico
lemma/122341	racemor	lemma/122342	racemo
lemma/142043	praestat	lemma/119246	praesto
lemma/142021	perior	lemma/131472	perio
lemma/89590	appertineo	lemma/27504	adpertinet
lemma/92676	capillasco	lemma/38969	capillascit
lemma/88151	agonizor	lemma/88152	agonizo
lemma/122495	refert	lemma/122494	refero
lemma/46771	depraesentor	lemma/98765	depraesento
lemma/132425	tenebricor	lemma/127812	tenebrico
lemma/102418	extergo	lemma/102417	extergeo
lemma/82892	subeor	lemma/126085	subeo
lemma/94867	colliquesco	lemma/42643	colliquescit
lemma/158394	grandinat	lemma/104838	grandino
lemma/158446	pertergo	lemma/117387	pertergeo
lemma/158396	hamaxor	lemma/135816	hamaxo
lemma/158297	abitur	lemma/86873	abeo
lemma/158352	deargentasso	lemma/46113	deargentassere
lemma/158367	discrucior	lemma/99661	discrucio
lemma/158454	praesagior	lemma/119164	praesagio
lemma/158302	adeor	lemma/87421	adeo
lemma/158433	parentor	lemma/116030	parento
lemma/158414	laetificor	lemma/109729	laetifico
lemma/158315	bipartior	lemma/91634	bipertio
lemma/156196	obtingit	lemma/114505	obtingo
lemma/156159	cedit	lemma/93298	cedo
lemma/156194	oblector	lemma/114265	oblecto
lemma/156180	grauor	lemma/104908	grauo
lemma/156197	obuenit	lemma/114540	obuenio
lemma/156457	intereo	lemma/108458	intereo
lemma/156536	consilio	lemma/43717	consilio
lemma/156536	consilio	lemma/96058	consilior
lemma/156532	glomo	lemma/55568	glomo
lemma/156446	exbannio	lemma/50427	exbannio
lemma/156798	conuicio	lemma/141741	conuitio
lemma/156798	conuicio	lemma/96460	conuicior
lemma/156480	appraemio	lemma/31210	appremio
lemma/156790	disunior	lemma/136431	disunio
lemma/156497	acuo	lemma/87327	acuo
lemma/168900	aginor	lemma/88096	agino
lemma/169012	confabrico	lemma/95709	confabricor
lemma/169171	incurueo	lemma/107237	incuruo
lemma/169479	pollinceo	lemma/118305	pollingo
lemma/169792	suffulceo	lemma/126640	suffulcio
lemma/142761	absentor	lemma/87001	absento
lemma/103921	fugo	lemma/103923	fugio
lemma/35084	benigno	lemma/91495	benignor
lemma/103922	fugio	lemma/103923	fugio
lemma/113646	nexo	lemma/113647	nexo
lemma/102460	extrico	lemma/141803	extricor
lemma/40328	causidico	lemma/93265	causidicor
lemma/96398	conturbo	lemma/43986	conturbor
lemma/116589	peragro	lemma/142017	peragror
lemma/127120	suspector	lemma/127121	suspecto
lemma/127121	suspecto	lemma/127120	suspector
lemma/105657	honoror	lemma/105658	honoro
lemma/105658	honoro	lemma/105657	honoror
lemma/110886	lucror	lemma/110887	lucro
lemma/110887	lucro	lemma/110886	lucror
lemma/112006	memoror	lemma/112007	memoro
lemma/112007	memoro	lemma/112006	memoror
lemma/129880	uermiculor	lemma/129881	uermiculo
lemma/129881	uermiculo	lemma/129880	uermiculor
lemma/92547	candeo	lemma/92548	cando
lemma/92548	cando	lemma/92547	candeo
lemma/89240	anteuertor	lemma/89241	anteuerto
lemma/89241	anteuerto	lemma/89240	anteuertor
lemma/104022	fungor	lemma/104023	fungo
lemma/104023	fungo	lemma/104022	fungor
lemma/102986	fatior	lemma/102985	fateor
lemma/111856	meio	lemma/111857	mingo
lemma/111857	mingo	lemma/111856	meio
lemma/126315	subrogo	lemma/82982	subrogor
lemma/101387	erciscor	lemma/101388	ercisco
lemma/101388	ercisco	lemma/101387	erciscor
lemma/103716	fouo	lemma/103717	foueo
lemma/103717	foueo	lemma/103716	fouo
lemma/125779	stramentor	lemma/82450	stramento
lemma/127996	testor	lemma/127997	testo
lemma/127997	testo	lemma/127996	testor
lemma/82450	stramento	lemma/125779	stramentor
lemma/94062	circulor	lemma/94063	circulo
lemma/94063	circulo	lemma/94062	circulor
lemma/102985	fateor	lemma/102986	fatior
lemma/141765	dedeceo	lemma/98181	dedecet
lemma/82982	subrogor	lemma/126315	subrogo
lemma/98181	dedecet	lemma/141765	dedeceo
lemma/43159	cono	lemma/95962	conor
lemma/87573	admurmuror	lemma/87574	admurmuro
lemma/87574	admurmuro	lemma/87573	admurmuror
lemma/95962	conor	lemma/43159	cono
lemma/96007	consecror	lemma/96008	consecro
lemma/96008	consecro	lemma/96007	consecror
lemma/113285	manumito	lemma/113286	manumitto
lemma/113286	manumitto	lemma/113285	manumito
lemma/129118	trutinor	lemma/129119	trutino
lemma/129119	trutino	lemma/129118	trutinor
lemma/97956	debacchor	lemma/97957	debaccho
lemma/97957	debaccho	lemma/97956	debacchor
lemma/109036	irrideo	lemma/109037	irrido
lemma/109037	irrido	lemma/109036	irrideo
lemma/125825	strideo	lemma/125826	strido
lemma/125826	strido	lemma/125825	strideo
lemma/43512	conglorificor	lemma/95890	conglorifico
lemma/95890	conglorifico	lemma/43512	conglorificor
lemma/100756	elargior	lemma/48848	elargio
lemma/106551	impertior	lemma/106552	impertio
lemma/106552	impertio	lemma/106551	impertior
lemma/48848	elargio	lemma/100756	elargior
lemma/113092	murmuror	lemma/113093	murmuro
lemma/113093	murmuro	lemma/113092	murmuror
lemma/118756	praeclueo	lemma/118757	praecluo
lemma/118757	praecluo	lemma/118756	praeclueo
lemma/89653	apricor	lemma/89654	aprico
lemma/89654	aprico	lemma/89653	apricor
lemma/93270	causor	lemma/93271	causo
lemma/93271	causo	lemma/93270	causor
lemma/109143	itineror	lemma/60401	itinero
lemma/115105	opperior	lemma/68320	opperio
lemma/129632	uaticinor	lemma/129633	uaticino
lemma/129633	uaticino	lemma/129632	uaticinor
lemma/129862	uerbosor	lemma/84552	uerboso
lemma/130433	uito	lemma/85416	uitor
lemma/141759	dano	lemma/99970	do
lemma/60401	itinero	lemma/109143	itineror
lemma/68320	opperio	lemma/115105	opperior
lemma/84552	uerboso	lemma/129862	uerbosor
lemma/85416	uitor	lemma/130433	uito
lemma/91924	bubulcitor	lemma/91925	bubulcito
lemma/91925	bubulcito	lemma/91924	bubulcitor
lemma/99970	do	lemma/141759	dano
lemma/113180	mutuor	lemma/113181	mutuo
lemma/113181	mutuo	lemma/113180	mutuor
lemma/122992	retrogrador	lemma/76647	retrogrado
lemma/76647	retrogrado	lemma/122992	retrogrador
lemma/105678	horior	lemma/105679	horior
lemma/105679	horior	lemma/105678	horior
lemma/110446	licitor	lemma/62149	licito
lemma/62149	licito	lemma/110446	licitor
lemma/106020	iaculor	lemma/106021	iaculo
lemma/106021	iaculo	lemma/106020	iaculor
lemma/129780	ueneror	lemma/129781	uenero
lemma/129781	uenero	lemma/129780	ueneror
lemma/92890	carnificor	lemma/92891	carnifico
lemma/92891	carnifico	lemma/92890	carnificor
lemma/129888	uerminor	lemma/129889	uermino
lemma/129889	uermino	lemma/129888	uerminor
lemma/31316	aquo	lemma/89734	aquor
lemma/88767	amplector	lemma/88768	amplecto
lemma/88768	amplecto	lemma/88767	amplector
lemma/89734	aquor	lemma/31316	aquo
lemma/104026	funeror	lemma/104027	funero
lemma/104027	funero	lemma/104026	funeror
lemma/111471	mandor	lemma/111472	mando
lemma/111472	mando	lemma/111471	mandor
lemma/111806	medicor	lemma/111807	medico
lemma/111807	medico	lemma/111806	medicor
lemma/122840	rimor	lemma/122841	rimo
lemma/122841	rimo	lemma/122840	rimor
lemma/90810	auspicor	lemma/90811	auspico
lemma/90811	auspico	lemma/90810	auspicor
lemma/94206	circumplector	lemma/94207	circumplecto
lemma/94207	circumplecto	lemma/94206	circumplector
lemma/118270	poetor	lemma/118271	poeto
lemma/118271	poeto	lemma/118270	poetor
lemma/130194	uilicor	lemma/130195	uilico
lemma/130195	uilico	lemma/130194	uilicor
lemma/91208	bacchor	lemma/91209	baccho
lemma/91209	baccho	lemma/91208	bacchor
lemma/104074	furor	lemma/104075	furo
lemma/104075	furo	lemma/104074	furor
lemma/108005	inoperor	lemma/59637	inopero
lemma/119354	praeuehor	lemma/119355	praeueho
lemma/119355	praeueho	lemma/119354	praeuehor
lemma/59637	inopero	lemma/108005	inoperor
lemma/109281	iuueneo	lemma/60614	iuueneor
lemma/122633	renouo	lemma/76193	renouor
lemma/32652	assidor	lemma/90342	assido
lemma/60614	iuueneor	lemma/109281	iuueneo
lemma/76193	renouor	lemma/122633	renouo
lemma/90342	assido	lemma/32652	assidor
lemma/103894	frustror	lemma/103895	frustro
lemma/103895	frustro	lemma/103894	frustror
lemma/43861	contiguor	lemma/96290	contiguo
lemma/94236	circumsedeo	lemma/94237	circumsido
lemma/94237	circumsido	lemma/94236	circumsedeo
lemma/96290	contiguo	lemma/43861	contiguor
lemma/122337	rabio	lemma/122339	rabio
lemma/122337	rabio	lemma/122338	rabo
lemma/98116	decoquo	lemma/98115	decoqueo
lemma/123093	sacrificor	lemma/123094	sacrifico
lemma/123094	sacrifico	lemma/123093	sacrificor
lemma/103511	flutor	lemma/103512	fluito
lemma/103512	fluito	lemma/103511	flutor
lemma/122339	rabio	lemma/122337	rabio
lemma/122339	rabio	lemma/122338	rabo
lemma/125138	sono	lemma/125139	sono
lemma/125139	sono	lemma/125138	sono
lemma/43451	confoederor	lemma/95801	confoedero
lemma/95801	confoedero	lemma/43451	confoederor
lemma/96238	contemplor	lemma/96239	contemplo
lemma/96239	contemplo	lemma/96238	contemplor
lemma/98115	decoqueo	lemma/98116	decoquo
lemma/125547	stabulor	lemma/125548	stabulo
lemma/125548	stabulo	lemma/125547	stabulor
lemma/110943	lugeo	lemma/110944	lugo
lemma/110944	lugo	lemma/110943	lugeo
lemma/113350	nancior	lemma/113351	nancio
lemma/113351	nancio	lemma/113350	nancior
lemma/122338	rabo	lemma/122337	rabio
lemma/122338	rabo	lemma/122339	rabio
lemma/88565	amaricor	lemma/88566	amarico
lemma/88566	amarico	lemma/88565	amaricor
lemma/115028	operor	lemma/115029	opero
lemma/115029	opero	lemma/115028	operor
lemma/115586	pacificor	lemma/115587	pacifico
lemma/115587	pacifico	lemma/115586	pacificor
lemma/119611	procor	lemma/119612	proco
lemma/119612	proco	lemma/119611	procor
lemma/129321	tutor	lemma/129322	tuto
lemma/129322	tuto	lemma/129321	tutor
lemma/91785	boo	lemma/91784	boo
lemma/89450	apo	lemma/89451	apio
lemma/82579	stringor	lemma/125839	stringo
lemma/141773	depascor	lemma/98679	depasco
lemma/142035	praecelleo	lemma/118711	praecello
lemma/139980	congredio	lemma/95899	congredior
lemma/158445	pertaedescit	lemma/117918	pertaedesco
lemma/158447	pertinet	lemma/117404	pertineo
lemma/158408	insolet	lemma/59806	insoleo
lemma/158484	suppendeo	lemma/127125	suspendo
lemma/158455	praeterferor	lemma/119296	praeterfero
lemma/158412	inuesperascit	lemma/108824	inuesperasco
lemma/158407	insece	lemma/108096	inseco
lemma/158477	rudeo	lemma/122867	rudo
lemma/158337	concrucior	lemma/95583	concrucio
lemma/156154	cadit	lemma/92179	cado
lemma/156209	restat	lemma/121597	resto
lemma/156218	suppetit	lemma/127021	suppeto
lemma/156168	defit	lemma/98267	defio
lemma/156225	usuuenit	lemma/139983	usuuenio
lemma/156099	permadefio	lemma/117048	permadefacio
lemma/151968	praemollior	lemma/119043	praemollio
lemma/156797	aequiuoco	lemma/27769	aequiuocor
lemma/156526	exacuo	lemma/101729	exacuo
lemma/156794	apostemo	lemma/31053	apostemor
lemma/156785	litoror	lemma/62489	litoro
lemma/156531	mergo	lemma/112121	mergo
lemma/169035	desolor	lemma/98921	desolo
lemma/169201	interlucio	lemma/108518	interluceo
lemma/169375	oculor	lemma/114714	oculo
lemma/156182	hyemat	lemma/105459	hiemo
lemma/68850	pagit	lemma/115825	pango
lemma/122342	racemo	lemma/122341	racemor
lemma/119246	praesto	lemma/142043	praestat
lemma/27504	adpertinet	lemma/89590	appertineo
lemma/131472	perio	lemma/142021	perior
lemma/89451	apio	lemma/89450	apo
lemma/91784	boo	lemma/91785	boo
lemma/88081	aggrauo	lemma/27287	adgrauor
lemma/93220	cauillor	lemma/93221	cauillo
lemma/93221	cauillo	lemma/93220	cauillor
lemma/96419	conuehor	lemma/96420	conueho
lemma/96420	conueho	lemma/96419	conuehor
lemma/107302	indepto	lemma/59150	indeptor
lemma/123374	sannor	lemma/78286	sanno
lemma/27673	aduocor	lemma/87719	aduoco
lemma/59150	indeptor	lemma/107302	indepto
lemma/78286	sanno	lemma/123374	sannor
lemma/87719	aduoco	lemma/27673	aduocor
lemma/88210	alapor	lemma/88211	alapo
lemma/88211	alapo	lemma/88210	alapor
lemma/123964	sector	lemma/123965	secto
lemma/123965	secto	lemma/123964	sector
lemma/27287	adgrauor	lemma/88081	aggrauo
lemma/90299	assellor	lemma/90300	assello
lemma/90300	assello	lemma/90299	assellor
lemma/98505	deluctor	lemma/98506	delucto
lemma/98506	delucto	lemma/98505	deluctor
lemma/102033	exhortor	lemma/102034	exhorto
lemma/102034	exhorto	lemma/102033	exhortor
lemma/125211	sortior	lemma/125212	sortio
lemma/125212	sortio	lemma/125211	sortior
lemma/110902	luctitor	lemma/110903	luctito
lemma/110903	luctito	lemma/110902	luctitor
lemma/115087	opitulor	lemma/115088	opitulo
lemma/115088	opitulo	lemma/115087	opitulor
lemma/103936	fulgeo	lemma/103937	fulgo
lemma/103936	fulgeo	lemma/53920	fulgit
lemma/103937	fulgo	lemma/103936	fulgeo
lemma/103937	fulgo	lemma/53920	fulgit
lemma/104898	grauido	lemma/56061	grauidor
lemma/53920	fulgit	lemma/103936	fulgeo
lemma/53920	fulgit	lemma/103937	fulgo
lemma/56061	grauidor	lemma/104898	grauido
lemma/88082	aggredior	lemma/88083	aggredio
lemma/88083	aggredio	lemma/88082	aggredior
lemma/99727	dispensor	lemma/99728	dispenso
lemma/99728	dispenso	lemma/99727	dispensor
lemma/100965	emereor	lemma/100966	emereo
lemma/100966	emereo	lemma/100965	emereor
lemma/122845	riuo	lemma/77008	riuor
lemma/125445	spolior	lemma/125446	spolio
lemma/125446	spolio	lemma/125445	spolior
lemma/29471	alumno	lemma/88533	alumnor
lemma/77008	riuor	lemma/122845	riuo
lemma/88533	alumnor	lemma/29471	alumno
lemma/90621	auctoror	lemma/90622	auctoro
lemma/90622	auctoro	lemma/90621	auctoror
lemma/103001	fatiscor	lemma/103002	fatisco
lemma/104878	grator	lemma/55997	grato
lemma/110904	luctor	lemma/110905	lucto
lemma/110905	lucto	lemma/110904	luctor
lemma/111249	maereor	lemma/111250	maereo
lemma/111250	maereo	lemma/111249	maereor
lemma/117166	perpascor	lemma/117167	perpasco
lemma/55997	grato	lemma/104878	grator
lemma/103002	fatisco	lemma/103001	fatiscor
lemma/120465	pulpito	lemma/74199	pulpitor
lemma/74199	pulpitor	lemma/120465	pulpito
lemma/96166	consuauior	lemma/96167	consuauio
lemma/96167	consuauio	lemma/96166	consuauior
lemma/102902	famulor	lemma/102903	famulo
lemma/102903	famulo	lemma/102902	famulor
lemma/103876	frumentor	lemma/53822	frumento
lemma/110084	lauo	lemma/110085	lauo
lemma/110084	lauo	lemma/61519	lauor
lemma/110085	lauo	lemma/110084	lauo
lemma/110085	lauo	lemma/61519	lauor
lemma/113137	mussor	lemma/113138	musso
lemma/113138	musso	lemma/113137	mussor
lemma/123453	sarpo	lemma/123454	sarpio
lemma/123454	sarpio	lemma/123453	sarpo
lemma/46633	demunero	lemma/98580	demuneror
lemma/53822	frumento	lemma/103876	frumentor
lemma/61519	lauor	lemma/110084	lauo
lemma/61519	lauor	lemma/110085	lauo
lemma/98580	demuneror	lemma/46633	demunero
lemma/95051	comitor	lemma/95052	comito
lemma/95052	comito	lemma/95051	comitor
lemma/105773	humilito	lemma/57975	humilitor
lemma/119092	praeoleo	lemma/119093	praeolo
lemma/119093	praeolo	lemma/119092	praeoleo
lemma/57975	humilitor	lemma/105773	humilito
lemma/104914	gregor	lemma/104915	grego
lemma/104915	grego	lemma/104914	gregor
lemma/112442	miror	lemma/112443	miro
lemma/112443	miro	lemma/112442	miror
lemma/117167	perpasco	lemma/117166	perpascor
lemma/126829	supergredior	lemma/126830	supergradio
lemma/126829	supergredior	lemma/142114	supergredio
lemma/126830	supergradio	lemma/126829	supergredior
lemma/126830	supergradio	lemma/142114	supergredio
lemma/142114	supergredio	lemma/126829	supergredior
lemma/142114	supergredio	lemma/126830	supergradio
lemma/98507	deludificor	lemma/98508	deludifico
lemma/98508	deludifico	lemma/98507	deludificor
lemma/141692	careor	lemma/92848	careo
lemma/92848	careo	lemma/141692	careor
lemma/99771	dissauior	lemma/99772	dissauio
lemma/99772	dissauio	lemma/99771	dissauior
lemma/103771	frendeo	lemma/103772	frendo
lemma/103772	frendo	lemma/103771	frendeo
lemma/104712	glorior	lemma/55574	glorio
lemma/112399	minor	lemma/112400	mino
lemma/112400	mino	lemma/112399	minor
lemma/122600	reminiscor	lemma/122601	reminisco
lemma/126260	suboleo	lemma/126261	subolo
lemma/126261	subolo	lemma/126260	suboleo
lemma/55574	glorio	lemma/104712	glorior
lemma/98417	delector	lemma/98418	delecto
lemma/98418	delecto	lemma/98417	delector
lemma/109248	iuror	lemma/109249	iuro
lemma/109249	iuro	lemma/109248	iuror
lemma/100452	deferueo	lemma/100453	deferuo
lemma/100453	deferuo	lemma/100452	deferueo
lemma/112524	moderor	lemma/112525	modero
lemma/112525	modero	lemma/112524	moderor
lemma/122601	reminisco	lemma/122600	reminiscor
lemma/127147	sustineo	lemma/83697	sustineor
lemma/46542	deliberor	lemma/98446	delibero
lemma/83697	sustineor	lemma/127147	sustineo
lemma/98446	delibero	lemma/46542	deliberor
lemma/102316	exilior	lemma/50897	exsilio
lemma/112065	mensuror	lemma/112066	mensuro
lemma/112066	mensuro	lemma/112065	mensuror
lemma/112791	morigeror	lemma/112792	morigero
lemma/112792	morigero	lemma/112791	morigeror
lemma/114518	obtueor	lemma/114519	obtuor
lemma/114519	obtuor	lemma/114518	obtueor
lemma/127772	temperor	lemma/127773	tempero
lemma/127773	tempero	lemma/127772	temperor
lemma/129494	uagitor	lemma/129495	uagito
lemma/129495	uagito	lemma/129494	uagitor
lemma/50897	exsilio	lemma/102316	exilior
lemma/109239	iurgor	lemma/109240	iurgo
lemma/109240	iurgo	lemma/109239	iurgor
lemma/114927	ominor	lemma/114928	omino
lemma/114928	omino	lemma/114927	ominor
lemma/126986	superueho	lemma/142117	superuehor
lemma/142117	superuehor	lemma/126986	superueho
lemma/26296	aborio	lemma/86961	aborior
lemma/86961	aborior	lemma/26296	aborio
lemma/94182	circummetior	lemma/94183	circummetio
lemma/94183	circummetio	lemma/94182	circummetior
lemma/119096	praeordino	lemma/73061	praeordinor
lemma/125168	sorbeo	lemma/125169	sorbo
lemma/125169	sorbo	lemma/125168	sorbeo
lemma/130724	uociferor	lemma/130725	uocifero
lemma/130725	uocifero	lemma/130724	uociferor
lemma/73061	praeordinor	lemma/119096	praeordino
lemma/87371	adaquor	lemma/87372	adaquo
lemma/87372	adaquo	lemma/87371	adaquor
lemma/90579	attueor	lemma/90580	attuor
lemma/90580	attuor	lemma/90579	attueor
lemma/103008	fatuor	lemma/51576	fatuo
lemma/115160	opto	lemma/68333	optor
lemma/118587	postfero	lemma/72780	postferor
lemma/120521	punior	lemma/120522	punio
lemma/120522	punio	lemma/120521	punior
lemma/34303	barbarizor	lemma/91323	barbarizo
lemma/51576	fatuo	lemma/103008	fatuor
lemma/68333	optor	lemma/115160	opto
lemma/72780	postferor	lemma/118587	postfero
lemma/91323	barbarizo	lemma/34303	barbarizor
lemma/93713	charmidor	lemma/93714	charmido
lemma/93714	charmido	lemma/93713	charmidor
lemma/94550	clueor	lemma/94551	clueo
lemma/94550	clueor	lemma/94552	cluo
lemma/94551	clueo	lemma/94550	clueor
lemma/94551	clueo	lemma/94552	cluo
lemma/94552	cluo	lemma/94550	clueor
lemma/94552	cluo	lemma/94551	clueo
lemma/107915	iniurio	lemma/59562	iniurior
lemma/111615	margino	lemma/64171	marginor
lemma/129496	uagor	lemma/129497	uago
lemma/129497	uago	lemma/129496	uagor
lemma/64171	marginor	lemma/111615	margino
lemma/109619	labasco	lemma/109618	labascor
lemma/119429	precor	lemma/119430	preco
lemma/119430	preco	lemma/119429	precor
lemma/59562	iniurior	lemma/107915	iniurio
lemma/102342	exspolior	lemma/102343	exspolio
lemma/102343	exspolio	lemma/102342	exspolior
lemma/102909	fanor	lemma/102910	fano
lemma/102910	fano	lemma/102909	fanor
lemma/96442	conuersor	lemma/96443	conuerso
lemma/96443	conuerso	lemma/96442	conuersor
lemma/109618	labascor	lemma/109619	labasco
lemma/114546	obuersor	lemma/114547	obuerso
lemma/114547	obuerso	lemma/114546	obuersor
lemma/129903	uernor	lemma/129904	uerno
lemma/129904	uerno	lemma/129903	uernor
lemma/30002	ampullo	lemma/88793	ampullor
lemma/88793	ampullor	lemma/30002	ampullo
lemma/96481	conuiuor	lemma/96482	conuiuo
lemma/96482	conuiuo	lemma/96481	conuiuor
lemma/50542	excordor	lemma/101906	excordo
lemma/95143	comminisco	lemma/95142	comminiscor
lemma/121447	radior	lemma/121448	radio
lemma/101634	euideor	lemma/50283	euideo
lemma/98654	denundinat	lemma/46692	denundino
lemma/27720	aegret	lemma/87780	aegreo
lemma/114214	obeor	lemma/114215	obeo
lemma/98817	depuuo	lemma/98818	depuuio
lemma/142073	regredo	lemma/122545	regredior
lemma/97558	cloeo	lemma/97559	cluo
lemma/108034	inquam	lemma/108033	inquam
lemma/158340	conforo	lemma/95806	conforio
lemma/158372	diuertor	lemma/99924	diuerto
lemma/158421	moero	lemma/111249	maereor
lemma/158421	moero	lemma/111250	maereo
lemma/158494	uesperat	lemma/131068	uesperor
lemma/158322	circumtergo	lemma/94276	circumtergeo
lemma/158335	compotior	lemma/97596	compotio
lemma/158496	uulpino	lemma/130968	uulpinor
lemma/158413	lacessio	lemma/109661	lacesso
lemma/156169	delectat	lemma/98417	delector
lemma/156169	delectat	lemma/98418	delecto
lemma/156187	iuuat	lemma/109294	iuuo
lemma/156184	incidit	lemma/106954	incido
lemma/156185	inuehor	lemma/108801	inueho
lemma/156574	auco	lemma/33048	auco
lemma/156438	inhorreo	lemma/107859	inhorreo
lemma/156786	fulcro	lemma/53909	fulcror
lemma/156783	condignor	lemma/43318	condigno
lemma/169155	ientor	lemma/106126	iento
lemma/169579	recento	lemma/122381	recentor
lemma/98197	dedico	lemma/98196	d
lemma/95743	confio	lemma/141725	confacio
lemma/38969	capillascit	lemma/92676	capillasco
lemma/125839	stringo	lemma/82579	stringor
lemma/50283	euideo	lemma/101634	euideor
lemma/87780	aegreo	lemma/27720	aegret
lemma/114215	obeo	lemma/114214	obeor
lemma/121448	radio	lemma/121447	radior
lemma/98818	depuuio	lemma/98817	depuuo
lemma/46692	denundino	lemma/98654	denundinat
lemma/95142	comminiscor	lemma/95143	comminisco
lemma/101906	excordo	lemma/50542	excordor
lemma/109620	labor	lemma/60868	labo
lemma/124500	sermonor	lemma/124501	sermono
lemma/124501	sermono	lemma/124500	sermonor
lemma/87950	aestuor	lemma/87951	aestuo
lemma/87951	aestuo	lemma/87950	aestuor
lemma/116443	pellicio	lemma/142014	pelliceo
lemma/142014	pelliceo	lemma/116443	pellicio
lemma/122846	rixor	lemma/122847	rixo
lemma/122847	rixo	lemma/122846	rixor
lemma/60868	labo	lemma/109620	labor
lemma/107659	infestor	lemma/107660	infesto
lemma/107660	infesto	lemma/107659	infestor
lemma/115234	ordior	lemma/115235	ordio
lemma/115235	ordio	lemma/115234	ordior
lemma/118256	podismor	lemma/118257	podismo
lemma/118257	podismo	lemma/118256	podismor
lemma/122546	regulor	lemma/122547	regulo
lemma/122547	regulo	lemma/122546	regulor
lemma/124733	sideror	lemma/124734	sidero
lemma/124734	sidero	lemma/124733	sideror
lemma/99779	dissentior	lemma/99780	dissentio
lemma/99780	dissentio	lemma/99779	dissentior
lemma/110662	litor	lemma/110663	lito
lemma/110663	lito	lemma/110662	litor
lemma/122608	remoror	lemma/76128	remoro
lemma/76128	remoro	lemma/122608	remoror
lemma/88387	alliceo	lemma/88388	allicio
lemma/88388	allicio	lemma/88387	alliceo
lemma/103471	florio	lemma/103470	floreo
lemma/106635	imporco	lemma/106636	imporcio
lemma/106636	imporcio	lemma/106635	imporco
lemma/129866	uergor	lemma/129867	uergo
lemma/129867	uergo	lemma/129866	uergor
lemma/116113	partior	lemma/116114	partio
lemma/116114	partio	lemma/116113	partior
lemma/102160	expergisco	lemma/102159	expergiscor
lemma/110431	liceor	lemma/110432	licet
lemma/110431	liceor	lemma/110433	liceo
lemma/110432	licet	lemma/110431	liceor
lemma/110432	licet	lemma/110433	liceo
lemma/110433	liceo	lemma/110431	liceor
lemma/110433	liceo	lemma/110432	licet
lemma/95308	comperior	lemma/95309	comperio
lemma/95309	comperio	lemma/95308	comperior
lemma/97962	debello	lemma/46132	debellor
lemma/129942	uerso	lemma/84710	uersor
lemma/84710	uersor	lemma/129942	uerso
lemma/96016	consector	lemma/141732	consecto
lemma/101839	excelleo	lemma/101840	excello
lemma/101840	excello	lemma/101839	excelleo
lemma/102297	exsecror	lemma/102298	exsecro
lemma/102298	exsecro	lemma/102297	exsecror
lemma/108932	ioculor	lemma/108933	ioculo
lemma/108933	ioculo	lemma/108932	ioculor
lemma/46132	debellor	lemma/97962	debello
lemma/112132	meridior	lemma/112133	meridio
lemma/112133	meridio	lemma/112132	meridior
lemma/44030	conuesco	lemma/96448	conuescor
lemma/96448	conuescor	lemma/44030	conuesco
lemma/102758	facio	lemma/103328	fio
lemma/103328	fio	lemma/102758	facio
lemma/103676	fornicor	lemma/103677	fornico
lemma/103677	fornico	lemma/103676	fornicor
lemma/113754	noceo	lemma/113755	nocio
lemma/113755	nocio	lemma/113754	noceo
lemma/102159	expergiscor	lemma/102160	expergisco
lemma/114723	odio	lemma/114724	odi
lemma/114724	odi	lemma/114723	odio
lemma/106481	impascor	lemma/106482	impasco
lemma/32595	assento	lemma/90313	assentor
lemma/46434	defungo	lemma/98324	defungor
lemma/90313	assentor	lemma/32595	assento
lemma/96119	conspicor	lemma/96120	conspico
lemma/96120	conspico	lemma/96119	conspicor
lemma/98324	defungor	lemma/46434	defungo
lemma/106482	impasco	lemma/106481	impascor
lemma/102361	exsisto	lemma/102360	exsto
lemma/105727	hortor	lemma/105728	horto
lemma/105728	horto	lemma/105727	hortor
lemma/117058	permarcero	lemma/117059	permarceo
lemma/117059	permarceo	lemma/117058	permarcero
lemma/90780	aurigor	lemma/90781	aurigo
lemma/90781	aurigo	lemma/90780	aurigor
lemma/122874	rumigeror	lemma/122875	rumigero
lemma/122875	rumigero	lemma/122874	rumigeror
lemma/102360	exsto	lemma/102361	exsisto
lemma/88772	amplexor	lemma/88773	amplexo
lemma/88773	amplexo	lemma/88772	amplexor
lemma/110846	luceo	lemma/141924	lucet
lemma/111053	luxurior	lemma/111054	luxurio
lemma/111054	luxurio	lemma/111053	luxurior
lemma/115751	palpor	lemma/115752	palpo
lemma/115752	palpo	lemma/115751	palpor
lemma/141924	lucet	lemma/110846	luceo
lemma/90871	auxilior	lemma/90872	auxilio
lemma/90872	auxilio	lemma/90871	auxilior
lemma/122641	reor	lemma/122642	reo
lemma/122642	reo	lemma/122641	reor
lemma/94794	collacrimor	lemma/94795	collacrimo
lemma/94795	collacrimo	lemma/94794	collacrimor
lemma/110402	libet	lemma/110403	libeo
lemma/110403	libeo	lemma/110402	libet
lemma/87541	admiror	lemma/87542	admiro
lemma/87542	admiro	lemma/87541	admiror
lemma/122591	remedior	lemma/122592	remedio
lemma/122592	remedio	lemma/122591	remedior
lemma/129025	tristor	lemma/134961	tristo
lemma/134961	tristo	lemma/129025	tristor
lemma/141732	consecto	lemma/96016	consector
lemma/90311	assentior	lemma/90312	assentio
lemma/90312	assentio	lemma/90311	assentior
lemma/112580	molestor	lemma/112581	molesto
lemma/112581	molesto	lemma/112580	molestor
lemma/114446	obsonor	lemma/114447	obsono
lemma/114447	obsono	lemma/114446	obsonor
lemma/122877	ruminor	lemma/122878	rumino
lemma/122878	rumino	lemma/122877	ruminor
lemma/46244	declaror	lemma/98090	declaro
lemma/93922	cibor	lemma/93923	cibo
lemma/93923	cibo	lemma/93922	cibor
lemma/98090	declaro	lemma/46244	declaror
lemma/43942	contrario	lemma/96343	contrarior
lemma/96343	contrarior	lemma/43942	contrario
lemma/111480	manducor	lemma/111481	manduco
lemma/111481	manduco	lemma/111480	manducor
lemma/113654	nictor	lemma/113655	nicto
lemma/113655	nicto	lemma/113654	nictor
lemma/94243	circumsto	lemma/94244	circumsisto
lemma/35049	beneficor	lemma/92060	benefico
lemma/92060	benefico	lemma/35049	beneficor
lemma/94244	circumsisto	lemma/94243	circumsto
lemma/103470	floreo	lemma/103471	florio
lemma/108785	inuado	lemma/108786	inuado
lemma/108786	inuado	lemma/108785	inuado
lemma/122344	radicor	lemma/122345	radico
lemma/122345	radico	lemma/122344	radicor
lemma/129548	uanor	lemma/129549	uano
lemma/129549	uano	lemma/129548	uanor
lemma/115136	opprobror	lemma/115137	opprobro
lemma/115137	opprobro	lemma/115136	opprobror
lemma/119714	proficisco	lemma/119713	proficiscor
lemma/126532	succano	lemma/126533	succino
lemma/119431	praendo	lemma/119432	prehendo
lemma/117239	perpudescit	lemma/137408	perpudesco
lemma/158346	conuenit	lemma/96424	conuenio
lemma/158300	accurritur	lemma/87166	accurro
lemma/158303	adfore	lemma/87642	adsum
lemma/158415	lapidat	lemma/109903	lapido
lemma/158316	cachinor	lemma/37854	cachino
lemma/158410	interfaris	lemma/108479	interfor
lemma/158366	disconducit	lemma/99625	disconduco
lemma/158363	dilucescit	lemma/99470	dilucesco
lemma/158313	attinet	lemma/90554	attineo
lemma/158417	limitor	lemma/110517	limito
lemma/158384	estur	lemma/100576	edo
lemma/158324	circumuerso	lemma/94306	circumuersor
lemma/156165	contingit	lemma/96293	contingo
lemma/144316	principior	lemma/73424	principio
lemma/156559	licentio	lemma/62133	licentio
lemma/169695	seueho	lemma/124634	seuehor
lemma/142762	respondo	lemma/122740	respondeo
lemma/51057	fabello	lemma/104154	fabellor
lemma/88951	anclo	lemma/88950	anclor
lemma/95155	commiseror	lemma/141716	commiseretur
lemma/95156	commisero	lemma/141716	commiseretur
lemma/87388	addecimo	lemma/27214	addecimor
lemma/108170	insipo	lemma/108171	insipio
lemma/122494	refero	lemma/122495	refert
lemma/88152	agonizo	lemma/88151	agonizor
lemma/98765	depraesento	lemma/46771	depraesentor
lemma/97559	cluo	lemma/97558	cloeo
lemma/122545	regredior	lemma/142073	regredo
lemma/119432	prehendo	lemma/119431	praendo
lemma/119713	proficiscor	lemma/119714	proficisco
lemma/126533	succino	lemma/126532	succano
lemma/92442	calumnior	lemma/92443	calumnio
lemma/92443	calumnio	lemma/92442	calumnior
lemma/115098	oportet	lemma/115099	oporteo
lemma/115099	oporteo	lemma/115098	oportet
lemma/44886	crassor	lemma/96839	crasso
lemma/96839	crasso	lemma/44886	crassor
lemma/105588	holeror	lemma/105589	holero
lemma/105589	holero	lemma/105588	holeror
lemma/89778	arbitror	lemma/89779	arbitro
lemma/89779	arbitro	lemma/89778	arbitror
lemma/98556	demolior	lemma/98557	demolio
lemma/98557	demolio	lemma/98556	demolior
lemma/93929	cicatricor	lemma/93930	cicatrico
lemma/93930	cicatrico	lemma/93929	cicatricor
lemma/127515	tabefacio	lemma/142120	tabefio
lemma/142120	tabefio	lemma/127515	tabefacio
lemma/100679	effulgeo	lemma/100680	effulgo
lemma/100680	effulgo	lemma/100679	effulgeo
lemma/115589	paciscor	lemma/115590	pacisco
lemma/90631	aucupor	lemma/90632	aucupo
lemma/90632	aucupo	lemma/90631	aucupor
lemma/141719	compluit	lemma/95358	compluo
lemma/92446	caluor	lemma/92447	caluo
lemma/92446	caluor	lemma/92448	caluio
lemma/92447	caluo	lemma/92446	caluor
lemma/92447	caluo	lemma/92448	caluio
lemma/92448	caluio	lemma/92446	caluor
lemma/92448	caluio	lemma/92447	caluo
lemma/95358	compluo	lemma/141719	compluit
lemma/100616	efferueo	lemma/100617	efferuo
lemma/100617	efferuo	lemma/100616	efferueo
lemma/103904	fruticor	lemma/103905	frutico
lemma/103905	frutico	lemma/103904	fruticor
lemma/129711	uelificor	lemma/129712	uelifico
lemma/129712	uelifico	lemma/129711	uelificor
lemma/96536	copulor	lemma/96537	copulo
lemma/96537	copulo	lemma/96536	copulor
lemma/108277	instrideo	lemma/108278	instrido
lemma/108278	instrido	lemma/108277	instrideo
lemma/115590	pacisco	lemma/115589	paciscor
lemma/109306	imbrico	lemma/109307	imbrico
lemma/141728	conisco	lemma/96738	corusco
lemma/96738	corusco	lemma/141728	conisco
lemma/31035	aporio	lemma/89523	aporior
lemma/89523	aporior	lemma/31035	aporio
lemma/99015	detergeo	lemma/99016	detergo
lemma/99016	detergo	lemma/99015	detergeo
lemma/99701	dispalor	lemma/99702	dispalo
lemma/99702	dispalo	lemma/99701	dispalor
lemma/112796	morior	lemma/112797	morio
lemma/112797	morio	lemma/112796	morior
lemma/98052	decertor	lemma/98053	decerto
lemma/98053	decerto	lemma/98052	decertor
lemma/120147	protestor	lemma/120148	protesto
lemma/120148	protesto	lemma/120147	protestor
lemma/116653	percieo	lemma/116654	percio
lemma/116654	percio	lemma/116653	percieo
lemma/118647	potentor	lemma/118648	potento
lemma/118648	potento	lemma/118647	potentor
lemma/87524	adminiculor	lemma/87525	adminiculo
lemma/87525	adminiculo	lemma/87524	adminiculor
lemma/109307	imbrico	lemma/109306	imbrico
lemma/26304	abortor	lemma/86968	aborto
lemma/86968	aborto	lemma/26304	abortor
lemma/101862	excieo	lemma/101863	excio
lemma/101863	excio	lemma/101862	excieo
lemma/112536	modificor	lemma/112537	modifico
lemma/112537	modifico	lemma/112536	modificor
lemma/100020	doleor	lemma/100021	doleo
lemma/100021	doleo	lemma/100020	doleor
lemma/98688	depeculor	lemma/98689	depeculo
lemma/98689	depeculo	lemma/98688	depeculor
lemma/129187	tueor	lemma/129188	tueo
lemma/129187	tueor	lemma/129189	tuor
lemma/129187	tueor	lemma/135288	tuo
lemma/129188	tueo	lemma/129187	tueor
lemma/129188	tueo	lemma/129189	tuor
lemma/129188	tueo	lemma/135288	tuo
lemma/129189	tuor	lemma/129187	tueor
lemma/129189	tuor	lemma/129188	tueo
lemma/129189	tuor	lemma/135288	tuo
lemma/135288	tuo	lemma/129187	tueor
lemma/135288	tuo	lemma/129188	tueo
lemma/135288	tuo	lemma/129189	tuor
lemma/98762	depraedor	lemma/98763	depraedo
lemma/98763	depraedo	lemma/98762	depraedor
lemma/109159	iucundo	lemma/60422	iucundor
lemma/141742	conuoluto	lemma/96489	conuolutor
lemma/96489	conuolutor	lemma/141742	conuoluto
lemma/114428	obsidior	lemma/114429	obsidio
lemma/114429	obsidio	lemma/114428	obsidior
lemma/47056	detesto	lemma/99033	detestor
lemma/60422	iucundor	lemma/109159	iucundo
lemma/99033	detestor	lemma/47056	detesto
lemma/130485	ulcisco	lemma/130484	ulciscor
lemma/132460	teneor	lemma/127822	teneo
lemma/121177	quietor	lemma/121178	quieto
lemma/117797	piget	lemma/71337	pigeo
lemma/156969	absolesco	lemma/87011	absoleo
lemma/158347	conuertor	lemma/96446	conuerto
lemma/158354	defore	lemma/126689	sum
lemma/158390	ferio	lemma/103116	ferior
lemma/158369	disserenat	lemma/99783	dissereno
lemma/158329	coepi	lemma/94695	coepio
lemma/158376	elucifacio	lemma/100873	elucifico
lemma/158493	uesperascit	lemma/130002	uesperasco
lemma/158422	nubilor	lemma/113918	nubilo
lemma/158492	uacat	lemma/129468	uaco
lemma/156177	expedit	lemma/102147	expedio
lemma/156508	dolio	lemma/100020	doleor
lemma/156508	dolio	lemma/100021	doleo
lemma/156787	bifurco	lemma/35472	bifurcor
lemma/169308	mintro	lemma/112405	mintrio
lemma/169709	siliquo	lemma/124797	siliquor
lemma/124004	sedeo	lemma/79710	sedet
lemma/94859	collimito	lemma/94858	collimitor
lemma/115623	paeniteor	lemma/136089	paenitet
lemma/115624	paeniteo	lemma/136089	paenitet
lemma/108661	intersum	lemma/141879	interest
lemma/127812	tenebrico	lemma/132425	tenebricor
lemma/98679	depasco	lemma/141773	depascor
lemma/137408	perpudesco	lemma/117239	perpudescit
lemma/130484	ulciscor	lemma/130485	ulcisco
lemma/127822	teneo	lemma/132460	teneor
lemma/121178	quieto	lemma/121177	quietor
lemma/110048	latrocinor	lemma/110049	latrocino
lemma/110049	latrocino	lemma/110048	latrocinor
lemma/117378	pertaedeo	lemma/142027	pertaedet
lemma/126631	suffragor	lemma/126632	suffrago
lemma/126632	suffrago	lemma/126631	suffragor
lemma/142027	pertaedet	lemma/117378	pertaedeo
lemma/86864	absdo	lemma/86865	abdo
lemma/86865	abdo	lemma/86864	absdo
lemma/115070	opinor	lemma/115071	opino
lemma/115071	opino	lemma/115070	opinor
lemma/130729	uoco	lemma/85645	uocor
lemma/96384	contueor	lemma/96385	contuor
lemma/96384	contueor	lemma/96386	contuo
lemma/96385	contuor	lemma/96384	contueor
lemma/96385	contuor	lemma/96386	contuo
lemma/96386	contuo	lemma/96384	contueor
lemma/96386	contuo	lemma/96385	contuor
lemma/99736	dispertior	lemma/99737	dispertio
lemma/99737	dispertio	lemma/99736	dispertior
lemma/102164	experior	lemma/102165	experio
lemma/102165	experio	lemma/102164	experior
lemma/85645	uocor	lemma/130729	uoco
lemma/108535	interminor	lemma/60002	intermino
lemma/60002	intermino	lemma/108535	interminor
lemma/105476	hieto	lemma/105475	hietor
lemma/119363	praeuaricor	lemma/119364	praeuarico
lemma/119364	praeuarico	lemma/119363	praeuaricor
lemma/115337	oscillor	lemma/115338	oscillo
lemma/115338	oscillo	lemma/115337	oscillor
lemma/122808	reuertor	lemma/122809	reuerto
lemma/122809	reuerto	lemma/122808	reuertor
lemma/95219	communicor	lemma/95220	communico
lemma/95220	communico	lemma/95219	communicor
lemma/128839	tricor	lemma/128840	trico
lemma/128840	trico	lemma/128839	tricor
lemma/88241	albicor	lemma/88242	albico
lemma/88242	albico	lemma/88241	albicor
lemma/117285	perscrutor	lemma/117286	perscruto
lemma/117286	perscruto	lemma/117285	perscrutor
lemma/95924	coniector	lemma/95925	coniecto
lemma/95925	coniecto	lemma/95924	coniector
lemma/119365	praeuertor	lemma/119366	praeuerto
lemma/119366	praeuerto	lemma/119365	praeuertor
lemma/88191	aio	lemma/88192	aiio
lemma/88192	aiio	lemma/88191	aio
lemma/125369	spico	lemma/81678	spicor
lemma/81678	spicor	lemma/125369	spico
lemma/100725	eiaculor	lemma/100726	eiaculo
lemma/100726	eiaculo	lemma/100725	eiaculor
lemma/111680	masturbor	lemma/64498	masturbo
lemma/64498	masturbo	lemma/111680	masturbor
lemma/105743	hospitor	lemma/105744	hospito
lemma/105744	hospito	lemma/105743	hospitor
lemma/112590	molior	lemma/112591	molio
lemma/112591	molio	lemma/112590	molior
lemma/127044	supporto	lemma/83563	supportor
lemma/83563	supportor	lemma/127044	supporto
lemma/114028	nutricor	lemma/114029	nutrico
lemma/114029	nutrico	lemma/114028	nutricor
lemma/87803	aemulor	lemma/87804	aemulo
lemma/87804	aemulo	lemma/87803	aemulor
lemma/112232	metior	lemma/112233	metio
lemma/112233	metio	lemma/112232	metior
lemma/119829	promereor	lemma/119830	promereo
lemma/119830	promereo	lemma/119829	promereor
lemma/94757	cohortor	lemma/94758	cohorto
lemma/94758	cohorto	lemma/94757	cohortor
lemma/105475	hietor	lemma/105476	hieto
lemma/95882	conglacior	lemma/95883	conglacio
lemma/95883	conglacio	lemma/95882	conglacior
lemma/87631	adorior	lemma/87632	adorio
lemma/87632	adorio	lemma/87631	adorior
lemma/87089	accendo	lemma/26569	accendor
lemma/112234	metor	lemma/112235	meto
lemma/112235	meto	lemma/112234	metor
lemma/113475	nausior	lemma/113476	nauseo
lemma/113476	nauseo	lemma/113475	nausior
lemma/125725	stipulor	lemma/125726	stipulo
lemma/125726	stipulo	lemma/125725	stipulor
lemma/130163	uideo	lemma/85049	uideor
lemma/85049	uideor	lemma/130163	uideo
lemma/89116	annonor	lemma/89117	annono
lemma/89117	annono	lemma/89116	annonor
lemma/106196	illacrimor	lemma/106197	illacrimo
lemma/106197	illacrimo	lemma/106196	illacrimor
lemma/118296	polliceor	lemma/118297	polliceo
lemma/118297	polliceo	lemma/118296	polliceor
lemma/26569	accendor	lemma/87089	accendo
lemma/103541	focilor	lemma/103542	focilo
lemma/103542	focilo	lemma/103541	focilor
lemma/96654	corono	lemma/44422	coronor
lemma/111385	malignor	lemma/111386	maligno
lemma/111386	maligno	lemma/111385	malignor
lemma/122827	rhetoricor	lemma/122828	rhetorico
lemma/122828	rhetorico	lemma/122827	rhetoricor
lemma/44422	coronor	lemma/96654	corono
lemma/92915	carpeo	lemma/92916	carpo
lemma/92915	carpeo	lemma/92917	carpio
lemma/92916	carpo	lemma/92915	carpeo
lemma/92916	carpo	lemma/92917	carpio
lemma/92917	carpio	lemma/92915	carpeo
lemma/92917	carpio	lemma/92916	carpo
lemma/95064	commanducor	lemma/95065	commanduco
lemma/95065	commanduco	lemma/95064	commanducor
lemma/130836	urinor	lemma/130837	urino
lemma/107370	indipisco	lemma/107369	indipiscor
lemma/89072	anilitor	lemma/89073	anilito
lemma/32980	attoedior	lemma/32910	attaedio
lemma/158451	praefaris	lemma/118912	praefor
lemma/158362	deuertor	lemma/99089	deuerto
lemma/158418	lucescit	lemma/111161	lucesco
lemma/158490	transuehor	lemma/128698	transueho
lemma/156204	poenitet	lemma/136089	paenitet
lemma/156163	competit	lemma/95318	competo
lemma/156167	deficior	lemma/98257	deficio
lemma/156572	moenio	lemma/113053	munio
lemma/156799	attaedior	lemma/32910	attaedio
lemma/169169	increbreo	lemma/107167	increbro
lemma/169461	pingueo	lemma/71496	pinguo
lemma/92813	carbunculo	lemma/141691	carbunculor
lemma/126085	subeo	lemma/82892	subeor
lemma/102417	extergeo	lemma/102418	extergo
lemma/118711	praecello	lemma/142035	praecelleo
lemma/108033	inquam	lemma/108034	inquam
lemma/71337	pigeo	lemma/117797	piget
lemma/107369	indipiscor	lemma/107370	indipisco
lemma/130837	urino	lemma/130836	urinor
lemma/123525	sauior	lemma/123526	sauio
lemma/123526	sauio	lemma/123525	sauior
lemma/109674	lacrimor	lemma/109675	lacrimo
lemma/109675	lacrimo	lemma/109674	lacrimor
lemma/112802	moror	lemma/112803	moro
lemma/112803	moro	lemma/112802	moror
lemma/87348	adaequo	lemma/27127	adaequor
lemma/94295	circumuector	lemma/94296	circumuecto
lemma/94296	circumuecto	lemma/94295	circumuector
lemma/95482	concertor	lemma/95483	concerto
lemma/95483	concerto	lemma/95482	concertor
lemma/27127	adaequor	lemma/87348	adaequo
lemma/104364	gaudeor	lemma/104365	gaudeo
lemma/104365	gaudeo	lemma/104364	gaudeor
lemma/43694	consequo	lemma/96035	consequor
lemma/96035	consequor	lemma/43694	consequo
lemma/123886	scrutor	lemma/123887	scruto
lemma/123887	scruto	lemma/123886	scrutor
lemma/127880	tergeo	lemma/127881	tergo
lemma/127881	tergo	lemma/127880	tergeo
lemma/117906	pipio	lemma/117905	pipio
lemma/96185	consuleo	lemma/96186	consulo
lemma/96186	consulo	lemma/96185	consuleo
lemma/117905	pipio	lemma/117906	pipio
lemma/108954	irascor	lemma/108955	irasco
lemma/108955	irasco	lemma/108954	irascor
lemma/125009	socior	lemma/125010	socio
lemma/125010	socio	lemma/125009	socior
lemma/108602	interpretor	lemma/108603	interpreto
lemma/108603	interpreto	lemma/108602	interpretor
lemma/117430	peruagor	lemma/117431	peruago
lemma/117431	peruago	lemma/117430	peruagor
lemma/96950	criminor	lemma/96951	crimino
lemma/96951	crimino	lemma/96950	criminor
lemma/86939	ablauo	lemma/86938	ablauo
lemma/108906	inurinor	lemma/108907	inurino
lemma/108907	inurino	lemma/108906	inurinor
lemma/86938	ablauo	lemma/86939	ablauo
lemma/99494	dimetor	lemma/99495	dimeto
lemma/99495	dimeto	lemma/99494	dimetor
lemma/115343	oscitor	lemma/115344	oscito
lemma/115344	oscito	lemma/115343	oscitor
lemma/127563	taedet	lemma/127564	taedeo
lemma/127564	taedeo	lemma/127563	taedet
lemma/106613	impliciscor	lemma/106614	implicisco
lemma/106614	implicisco	lemma/106613	impliciscor
lemma/90420	astipulor	lemma/90421	astipulo
lemma/90421	astipulo	lemma/90420	astipulor
lemma/108142	insidio	lemma/108141	insideo
lemma/108141	insideo	lemma/108142	insidio
lemma/94456	claudeor	lemma/94457	claudeo
lemma/94456	claudeor	lemma/94458	claudor
lemma/94456	claudeor	lemma/94459	claudo
lemma/94457	claudeo	lemma/94456	claudeor
lemma/94457	claudeo	lemma/94458	claudor
lemma/94457	claudeo	lemma/94459	claudo
lemma/94458	claudor	lemma/94456	claudeor
lemma/94458	claudor	lemma/94457	claudeo
lemma/94458	claudor	lemma/94459	claudo
lemma/94459	claudo	lemma/94456	claudeor
lemma/94459	claudo	lemma/94457	claudeo
lemma/94459	claudo	lemma/94458	claudor
lemma/96390	contumelior	lemma/96391	contumelio
lemma/96391	contumelio	lemma/96390	contumelior
lemma/102372	exsugeo	lemma/102373	exsugo
lemma/102373	exsugo	lemma/102372	exsugeo
lemma/102725	fabricor	lemma/102726	fabrico
lemma/102726	fabrico	lemma/102725	fabricor
lemma/115145	oppuuio	lemma/115144	oppuuio
lemma/100732	eiulor	lemma/100733	eiulo
lemma/100733	eiulo	lemma/100732	eiulor
lemma/115144	oppuuio	lemma/115145	oppuuio
lemma/108146	insidior	lemma/108147	insidio
lemma/108147	insidio	lemma/108146	insidior
lemma/95228	commurmuror	lemma/95229	commurmuro
lemma/95229	commurmuro	lemma/95228	commurmuror
lemma/114392	obsecundor	lemma/114393	obsecundo
lemma/114393	obsecundo	lemma/114392	obsecundor
lemma/118458	populor	lemma/118459	populo
lemma/118459	populo	lemma/118458	populor
lemma/131193	zelor	lemma/131194	zelo
lemma/131194	zelo	lemma/131193	zelor
lemma/95119	commentor	lemma/95120	commento
lemma/95120	commento	lemma/95119	commentor
lemma/111028	lustror	lemma/111029	lustro
lemma/111029	lustro	lemma/111028	lustror
lemma/142045	praeuernat	lemma/120729	praeuerno
lemma/158311	assolet	lemma/90368	assoleo
lemma/156521	inoleo	lemma/59631	inoleo
lemma/156792	incrapulo	lemma/59068	incrapulor
lemma/156793	anxio	lemma/89372	anxior
lemma/156796	importuno	lemma/58662	importunor
lemma/169516	proquiritor	lemma/120017	proquirito
lemma/42643	colliquescit	lemma/94867	colliquesco
lemma/95899	congredior	lemma/139980	congredio
lemma/32910	attaedio	lemma/32980	attoedior
lemma/89073	anilito	lemma/89072	anilitor
lemma/120729	praeuerno	lemma/142045	praeuernat
lemma/87696	adulor	lemma/87697	adulo
lemma/87697	adulo	lemma/87696	adulor
lemma/116928	periculor	lemma/70740	periculo
lemma/127985	testiculor	lemma/127986	testiculo
lemma/127986	testiculo	lemma/127985	testiculor
lemma/70740	periculo	lemma/116928	periculor
lemma/114037	nutrior	lemma/114038	nutrio
lemma/114038	nutrio	lemma/114037	nutrior
lemma/122517	reformo	lemma/75797	reformor
lemma/129717	uelitor	lemma/129718	uelito
lemma/129718	uelito	lemma/129717	uelitor
lemma/75797	reformor	lemma/122517	reformo
lemma/103552	fodio	lemma/103551	fodo
lemma/94767	coinquo	lemma/94768	coinquio
lemma/122614	remuneror	lemma/122615	remunero
lemma/122615	remunero	lemma/122614	remuneror
lemma/94768	coinquio	lemma/94767	coinquo
lemma/103551	fodo	lemma/103552	fodio
lemma/129565	uapulo	lemma/84120	uapulor
lemma/96191	consultor	lemma/96192	consulto
lemma/96192	consulto	lemma/96191	consultor
lemma/84120	uapulor	lemma/129565	uapulo
lemma/88460	altercor	lemma/88461	alterco
lemma/88461	alterco	lemma/88460	altercor
lemma/124761	significor	lemma/124762	significo
lemma/124762	significo	lemma/124761	significor
lemma/96096	consolor	lemma/96097	consolo
lemma/96097	consolo	lemma/96096	consolor
lemma/156175	euenit	lemma/101603	euenio
lemma/156191	miserescit	lemma/112099	miseresco
lemma/156510	lippido	lemma/62418	lippido
lemma/156799	attaedior	lemma/32980	attoedior
lemma/168965	buccinor	lemma/91951	bucino
lemma/169134	gladior	lemma/55453	gladio
lemma/169598	renanciscor	lemma/122617	renancitur
lemma/103600	for	lemma/158389	faris
lemma/124554	sto	lemma/158479	stat
lemma/119727	profor	lemma/158457	profaris
lemma/111230	madefacio	lemma/158419	madifico
lemma/95794	confluctuo	lemma/158339	confluctuor
lemma/122837	rigido	lemma/158474	rigidor
lemma/127014	supperturbor	lemma/158480	subperturbo
lemma/93395	censeo	lemma/158318	censeor
lemma/116202	pateo	lemma/158434	patet
lemma/118010	placeo	lemma/158449	placet
lemma/98944	despolio	lemma/158368	dispolior
lemma/120122	prosum	lemma/158459	profore
lemma/100875	eluctor	lemma/158377	elucto
lemma/91634	bipertio	lemma/158315	bipartior
lemma/117387	pertergeo	lemma/158446	pertergo
lemma/135816	hamaxo	lemma/158396	hamaxor
lemma/86873	abeo	lemma/158297	abitur
lemma/87421	adeo	lemma/158302	adeor
lemma/119164	praesagio	lemma/158454	praesagior
lemma/104838	grandino	lemma/158394	grandinat
lemma/109729	laetifico	lemma/158414	laetificor
lemma/116030	parento	lemma/158433	parentor
lemma/46113	deargentassere	lemma/158352	deargentasso
lemma/99661	discrucio	lemma/158367	discrucior
lemma/59806	insoleo	lemma/158408	insolet
lemma/127125	suspendo	lemma/158484	suppendeo
lemma/108096	inseco	lemma/158407	insece
lemma/122867	rudo	lemma/158477	rudeo
lemma/117918	pertaedesco	lemma/158445	pertaedescit
lemma/95583	concrucio	lemma/158337	concrucior
lemma/117404	pertineo	lemma/158447	pertinet
lemma/119296	praeterfero	lemma/158455	praeterferor
lemma/108824	inuesperasco	lemma/158412	inuesperascit
lemma/97596	compotio	lemma/158335	compotior
lemma/99924	diuerto	lemma/158372	diuertor
lemma/95806	conforio	lemma/158340	conforo
lemma/111249	maereor	lemma/158421	moero
lemma/111250	maereo	lemma/158421	moero
lemma/131068	uesperor	lemma/158494	uesperat
lemma/130968	uulpinor	lemma/158496	uulpino
lemma/94276	circumtergeo	lemma/158322	circumtergo
lemma/109661	lacesso	lemma/158413	lacessio
lemma/87642	adsum	lemma/158303	adfore
lemma/99470	dilucesco	lemma/158363	dilucescit
lemma/94306	circumuersor	lemma/158324	circumuerso
lemma/109903	lapido	lemma/158415	lapidat
lemma/37854	cachino	lemma/158316	cachinor
lemma/110517	limito	lemma/158417	limitor
lemma/108479	interfor	lemma/158410	interfaris
lemma/96424	conuenio	lemma/158346	conuenit
lemma/100576	edo	lemma/158384	estur
lemma/87166	accurro	lemma/158300	accurritur
lemma/99625	disconduco	lemma/158366	disconducit
lemma/90554	attineo	lemma/158313	attinet
lemma/103116	ferior	lemma/158390	ferio
lemma/113918	nubilo	lemma/158422	nubilor
lemma/94695	coepio	lemma/158329	coepi
lemma/99783	dissereno	lemma/158369	disserenat
lemma/100873	elucifico	lemma/158376	elucifacio
lemma/96446	conuerto	lemma/158347	conuertor
lemma/129468	uaco	lemma/158492	uacat
lemma/87011	absoleo	lemma/156969	absolesco
lemma/130002	uesperasco	lemma/158493	uesperascit
lemma/126689	sum	lemma/158354	defore
lemma/99089	deuerto	lemma/158362	deuertor
lemma/111161	lucesco	lemma/158418	lucescit
lemma/118912	praefor	lemma/158451	praefaris
lemma/128698	transueho	lemma/158490	transuehor
lemma/90368	assoleo	lemma/158311	assolet
lemma/169290	matureo	lemma/166294	maturio
lemma/87112	accido	lemma/156147	accidit
lemma/108063	insanio	lemma/156575	insanio
lemma/127011	suppedito	lemma/156216	suppeditat
lemma/127011	suppedito	lemma/156217	suppeditor
lemma/59733	insanior	lemma/156575	insanio
lemma/94297	circumuehor	lemma/156784	circumueho
lemma/131287	complexiono	lemma/156791	complexionor
lemma/55864	graminor	lemma/156782	gramino
lemma/60124	intrudo	lemma/156557	intrudo
lemma/125201	sororio	lemma/169726	sororior
lemma/125200	sororio	lemma/169726	sororior
lemma/115623	paeniteor	lemma/156204	poenitet
lemma/115624	paeniteo	lemma/156204	poenitet
lemma/95691	conduco	lemma/156164	conducit
lemma/126513	succenturio	lemma/169767	subcenturior
lemma/103045	febricito	lemma/169117	febricitor
lemma/122881	rumpo	lemma/169624	rumpor
lemma/58472	imbrumor	lemma/156789	imbrumo
lemma/58472	imbrumor	lemma/156795	imbrumo
lemma/114505	obtingo	lemma/156196	obtingit
lemma/88096	agino	lemma/168900	aginor
lemma/93298	cedo	lemma/156159	cedit
lemma/104908	grauo	lemma/156180	grauor
lemma/118305	pollingo	lemma/169479	pollinceo
lemma/87001	absento	lemma/142761	absentor
lemma/43717	consilio	lemma/156536	consilio
lemma/96058	consilior	lemma/156536	consilio
lemma/55568	glomo	lemma/156532	glomo
lemma/95709	confabricor	lemma/169012	confabrico
lemma/107237	incuruo	lemma/169171	incurueo
lemma/108458	intereo	lemma/156457	intereo
lemma/136431	disunio	lemma/156790	disunior
lemma/50427	exbannio	lemma/156446	exbannio
lemma/126640	suffulcio	lemma/169792	suffulceo
lemma/141741	conuitio	lemma/156798	conuicio
lemma/31210	appremio	lemma/156480	appraemio
lemma/87327	acuo	lemma/156497	acuo
lemma/96460	conuicior	lemma/156798	conuicio
lemma/114265	oblecto	lemma/156194	oblector
lemma/114540	obuenio	lemma/156197	obuenit
lemma/62489	litoro	lemma/156785	litoror
lemma/119043	praemollio	lemma/151968	praemollior
lemma/117048	permadefacio	lemma/156099	permadefio
lemma/98921	desolo	lemma/169035	desolor
lemma/112121	mergo	lemma/156531	mergo
lemma/114714	oculo	lemma/169375	oculor
lemma/98267	defio	lemma/156168	defit
lemma/92179	cado	lemma/156154	cadit
lemma/108518	interluceo	lemma/169201	interlucio
lemma/121597	resto	lemma/156209	restat
lemma/127021	suppeto	lemma/156218	suppetit
lemma/27769	aequiuocor	lemma/156797	aequiuoco
lemma/101729	exacuo	lemma/156526	exacuo
lemma/139983	usuuenio	lemma/156225	usuuenit
lemma/31053	apostemor	lemma/156794	apostemo
lemma/106954	incido	lemma/156184	incidit
lemma/33048	auco	lemma/156574	auco
lemma/107859	inhorreo	lemma/156438	inhorreo
lemma/109294	iuuo	lemma/156187	iuuat
lemma/106126	iento	lemma/169155	ientor
lemma/53909	fulcror	lemma/156786	fulcro
lemma/98417	delector	lemma/156169	delectat
lemma/98418	delecto	lemma/156169	delectat
lemma/122381	recentor	lemma/169579	recento
lemma/43318	condigno	lemma/156783	condignor
lemma/108801	inueho	lemma/156185	inuehor
lemma/122740	respondeo	lemma/142762	respondo
lemma/62133	licentio	lemma/156559	licentio
lemma/96293	contingo	lemma/156165	contingit
lemma/124634	seuehor	lemma/169695	seueho
lemma/73424	principio	lemma/144316	principior
lemma/102147	expedio	lemma/156177	expedit
lemma/112405	mintrio	lemma/169308	mintro
lemma/35472	bifurcor	lemma/156787	bifurco
lemma/100020	doleor	lemma/156508	dolio
lemma/100021	doleo	lemma/156508	dolio
lemma/124797	siliquor	lemma/169709	siliquo
lemma/95318	competo	lemma/156163	competit
lemma/32910	attaedio	lemma/156799	attaedior
lemma/107167	increbro	lemma/169169	increbreo
lemma/113053	munio	lemma/156572	moenio
lemma/98257	deficio	lemma/156167	deficior
lemma/136089	paenitet	lemma/156204	poenitet
lemma/71496	pinguo	lemma/169461	pingueo
lemma/59068	incrapulor	lemma/156792	incrapulo
lemma/59631	inoleo	lemma/156521	inoleo
lemma/120017	proquirito	lemma/169516	proquiritor
lemma/89372	anxior	lemma/156793	anxio
lemma/58662	importunor	lemma/156796	importuno
lemma/91951	bucino	lemma/168965	buccinor
lemma/101603	euenio	lemma/156175	euenit
lemma/112099	miseresco	lemma/156191	miserescit
lemma/122617	renancitur	lemma/169598	renanciscor
lemma/62418	lippido	lemma/156510	lippido
lemma/55453	gladio	lemma/169134	gladior
lemma/32980	attoedior	lemma/156799	attaedior
lemma/166294	maturio	lemma/169290	matureo
lemma/156216	suppeditat	lemma/156217	suppeditor
lemma/156217	suppeditor	lemma/156216	suppeditat
lemma/145440	circummetor	lemma/156788	circummeto
lemma/156789	imbrumo	lemma/156795	imbrumo
lemma/156795	imbrumo	lemma/156789	imbrumo
lemma/156788	circummeto	lemma/145440	circummetor
